sample_id,station,operator_id,shift,product_line,particle_type,particle_size_um,particle_count,particle_metric,irr
1,SUB30,A,1,Line_A,Metallic,50.59,12,21.77,91.44
2,SUB30,A,1,Line_A,Metallic,31.42,11,17.47,83.32
3,SUB30,A,1,Line_A,Metallic,47.86,13,22.65,91.42
4,SUB30,A,1,Line_A,Metallic,48.56,19,28.08,88.78
5,SUB30,A,1,Line_A,Non-metallic,37.13,8,13.86,81.78
6,SUB30,A,1,Line_A,Non-metallic,32.43,9,14.85,82.07
7,SUB30,A,1,Line_A,Non-metallic,30.36,10,14.49,83.9
8,SUB30,A,1,Line_A,Non-metallic,37.51,13,20.93,85.44
9,SUB30,A,1,Line_B,Metallic,49.65,16,25.44,96.83
10,SUB30,A,1,Line_B,Metallic,53.03,16,23.54,93.55
11,SUB30,A,1,Line_B,Metallic,60.32,20,28.67,95.57
12,SUB30,A,1,Line_B,Metallic,54.99,19,29.49,96.13
13,SUB30,A,1,Line_B,Non-metallic,45.77,14,19.96,90.89
14,SUB30,A,1,Line_B,Non-metallic,27.61,13,15.56,82.65
15,SUB30,A,1,Line_B,Non-metallic,37.66,19,22.13,93.81
16,SUB30,A,1,Line_B,Non-metallic,25.7,13,16.34,88.11
17,SUB30,A,2,Line_A,Metallic,54.05,19,27.43,89.9
18,SUB30,A,2,Line_A,Metallic,55.29,16,23.09,84.09
19,SUB30,A,2,Line_A,Metallic,40.18,18,25.55,93.16
20,SUB30,A,2,Line_A,Metallic,44.37,17,25.83,89.36
21,SUB30,A,2,Line_A,Non-metallic,37.88,10,13.97,80.53
22,SUB30,A,2,Line_A,Non-metallic,23.84,14,16.11,83.65
23,SUB30,A,2,Line_A,Non-metallic,38.09,13,18.63,85.02
24,SUB30,A,2,Line_A,Non-metallic,30.4,12,12.95,75.53
25,SUB30,A,2,Line_B,Metallic,42.76,16,24.27,87.85
26,SUB30,A,2,Line_B,Metallic,50.79,23,31.02,99.29
27,SUB30,A,2,Line_B,Metallic,46.06,19,25.51,91.01
28,SUB30,A,2,Line_B,Metallic,61.14,14,24.53,92.61
29,SUB30,A,2,Line_B,Non-metallic,34.95,10,14.31,82.18
30,SUB30,A,2,Line_B,Non-metallic,41.98,15,22.6,89.31
31,SUB30,A,2,Line_B,Non-metallic,31.3,16,20.11,93.91
32,SUB30,A,2,Line_B,Non-metallic,47.1,16,23.99,86.52
33,SUB30,A,3,Line_A,Metallic,42.56,14,20.98,81.6
34,SUB30,A,3,Line_A,Metallic,53.4,16,22.55,84.18
35,SUB30,A,3,Line_A,Metallic,50.66,19,30.77,105.81
36,SUB30,A,3,Line_A,Metallic,51.52,14,19.27,86.95
37,SUB30,A,3,Line_A,Non-metallic,27.09,11,13.27,80.99
38,SUB30,A,3,Line_A,Non-metallic,43.06,13,17.91,80.76
39,SUB30,A,3,Line_A,Non-metallic,19.77,11,13.29,88.64
40,SUB30,A,3,Line_A,Non-metallic,35.11,16,19.41,81.24
41,SUB30,A,3,Line_B,Metallic,45.8,17,28.4,91.16
42,SUB30,A,3,Line_B,Metallic,61.13,17,28.33,95.93
43,SUB30,A,3,Line_B,Metallic,52.67,20,27.77,95.78
44,SUB30,A,3,Line_B,Metallic,50.13,16,22.47,90.87
45,SUB30,A,3,Line_B,Non-metallic,53.42,16,22.22,91.14
46,SUB30,A,3,Line_B,Non-metallic,51.1,16,21.47,93.89
47,SUB30,A,3,Line_B,Non-metallic,43.64,21,26.53,88.2
48,SUB30,A,3,Line_B,Non-metallic,28.37,21,27.16,92.84
49,SUB30,A,4,Line_A,Metallic,44.74,22,28.1,88.65
50,SUB30,A,4,Line_A,Metallic,53.47,17,25.91,90.0
51,SUB30,A,4,Line_A,Metallic,50.87,22,30.75,96.72
52,SUB30,A,4,Line_A,Metallic,30.57,18,22.82,83.55
53,SUB30,A,4,Line_A,Non-metallic,26.54,13,17.65,79.4
54,SUB30,A,4,Line_A,Non-metallic,34.26,12,15.59,87.23
55,SUB30,A,4,Line_A,Non-metallic,38.57,18,22.38,85.33
56,SUB30,A,4,Line_A,Non-metallic,32.1,14,18.13,80.72
57,SUB30,A,4,Line_B,Metallic,54.77,22,35.1,106.78
58,SUB30,A,4,Line_B,Metallic,46.75,20,25.77,90.19
59,SUB30,A,4,Line_B,Metallic,56.68,25,33.14,95.24
60,SUB30,A,4,Line_B,Metallic,35.75,20,25.09,89.95
61,SUB30,A,4,Line_B,Non-metallic,32.55,16,17.09,80.44
62,SUB30,A,4,Line_B,Non-metallic,58.1,12,17.22,93.74
63,SUB30,A,4,Line_B,Non-metallic,64.69,13,20.17,89.89
64,SUB30,A,4,Line_B,Non-metallic,54.69,13,19.17,90.91
65,SUB30,A,5,Line_A,Metallic,53.9,17,25.75,85.04
66,SUB30,A,5,Line_A,Metallic,48.18,18,26.65,88.97
67,SUB30,A,5,Line_A,Metallic,54.21,22,31.25,95.91
68,SUB30,A,5,Line_A,Metallic,50.65,19,26.42,92.29
69,SUB30,A,5,Line_A,Non-metallic,35.37,21,27.76,93.53
70,SUB30,A,5,Line_A,Non-metallic,29.71,11,16.47,84.91
71,SUB30,A,5,Line_A,Non-metallic,40.28,9,15.32,84.85
72,SUB30,A,5,Line_A,Non-metallic,26.76,13,16.63,84.19
73,SUB30,A,5,Line_B,Metallic,53.72,21,29.54,95.88
74,SUB30,A,5,Line_B,Metallic,68.71,13,23.37,91.53
75,SUB30,A,5,Line_B,Metallic,58.72,21,27.74,95.28
76,SUB30,A,5,Line_B,Metallic,70.88,17,29.39,93.85
77,SUB30,A,5,Line_B,Non-metallic,41.68,14,18.47,92.5
78,SUB30,A,5,Line_B,Non-metallic,47.15,23,30.54,97.75
79,SUB30,A,5,Line_B,Non-metallic,57.02,19,27.17,92.37
80,SUB30,A,5,Line_B,Non-metallic,42.77,15,21.72,84.92
81,SUB30,B,1,Line_A,Metallic,54.65,16,26.93,94.39
82,SUB30,B,1,Line_A,Metallic,63.48,19,26.6,90.89
83,SUB30,B,1,Line_A,Metallic,38.04,15,24.48,92.18
84,SUB30,B,1,Line_A,Metallic,42.06,13,20.6,81.97
85,SUB30,B,1,Line_A,Non-metallic,28.3,13,18.24,87.57
86,SUB30,B,1,Line_A,Non-metallic,14.52,13,14.86,84.35
87,SUB30,B,1,Line_A,Non-metallic,47.74,6,10.78,82.13
88,SUB30,B,1,Line_A,Non-metallic,20.56,17,20.06,89.83
89,SUB30,B,1,Line_B,Metallic,49.15,22,32.11,98.05
90,SUB30,B,1,Line_B,Metallic,55.99,20,27.84,93.45
91,SUB30,B,1,Line_B,Metallic,52.7,21,31.42,92.39
92,SUB30,B,1,Line_B,Metallic,52.94,24,31.66,93.51
93,SUB30,B,1,Line_B,Non-metallic,41.72,18,23.02,95.89
94,SUB30,B,1,Line_B,Non-metallic,47.28,18,24.56,100.99
95,SUB30,B,1,Line_B,Non-metallic,38.26,9,16.16,83.8
96,SUB30,B,1,Line_B,Non-metallic,40.92,19,21.35,84.36
97,SUB30,B,2,Line_A,Metallic,34.39,15,22.33,90.17
98,SUB30,B,2,Line_A,Metallic,50.35,13,17.85,85.07
99,SUB30,B,2,Line_A,Metallic,43.99,19,27.9,92.64
100,SUB30,B,2,Line_A,Metallic,54.46,18,27.88,89.26
101,SUB30,B,2,Line_A,Non-metallic,32.47,14,19.21,84.26
102,SUB30,B,2,Line_A,Non-metallic,38.43,12,16.42,87.14
103,SUB30,B,2,Line_A,Non-metallic,17.06,9,8.68,68.91
104,SUB30,B,2,Line_A,Non-metallic,28.23,15,17.93,85.7
105,SUB30,B,2,Line_B,Metallic,63.26,24,33.98,103.88
106,SUB30,B,2,Line_B,Metallic,54.78,18,26.12,86.89
107,SUB30,B,2,Line_B,Metallic,46.45,19,28.36,101.3
108,SUB30,B,2,Line_B,Metallic,42.25,21,26.91,95.27
109,SUB30,B,2,Line_B,Non-metallic,38.89,10,16.15,83.21
110,SUB30,B,2,Line_B,Non-metallic,35.46,13,16.21,87.38
111,SUB30,B,2,Line_B,Non-metallic,38.39,17,22.19,95.26
112,SUB30,B,2,Line_B,Non-metallic,37.09,11,17.16,85.03
113,SUB30,B,3,Line_A,Metallic,57.47,19,28.19,93.69
114,SUB30,B,3,Line_A,Metallic,64.58,24,34.36,97.38
115,SUB30,B,3,Line_A,Metallic,57.15,15,24.89,89.82
116,SUB30,B,3,Line_A,Metallic,50.67,15,21.04,78.85
117,SUB30,B,3,Line_A,Non-metallic,24.5,12,14.47,90.17
118,SUB30,B,3,Line_A,Non-metallic,43.4,11,16.76,82.44
119,SUB30,B,3,Line_A,Non-metallic,31.58,14,18.78,84.17
120,SUB30,B,3,Line_A,Non-metallic,43.04,10,15.18,93.32
121,SUB30,B,3,Line_B,Metallic,55.9,25,34.35,101.06
122,SUB30,B,3,Line_B,Metallic,53.52,20,27.67,95.65
123,SUB30,B,3,Line_B,Metallic,46.76,23,32.85,99.12
124,SUB30,B,3,Line_B,Metallic,51.57,22,30.19,99.48
125,SUB30,B,3,Line_B,Non-metallic,24.43,16,15.75,79.36
126,SUB30,B,3,Line_B,Non-metallic,51.59,19,24.04,85.3
127,SUB30,B,3,Line_B,Non-metallic,14.8,15,20.65,90.61
128,SUB30,B,3,Line_B,Non-metallic,35.24,18,19.73,87.02
129,SUB30,B,4,Line_A,Metallic,48.85,19,28.63,93.99
130,SUB30,B,4,Line_A,Metallic,53.68,17,27.38,98.23
131,SUB30,B,4,Line_A,Metallic,39.75,16,25.41,89.53
132,SUB30,B,4,Line_A,Metallic,59.93,17,29.02,93.42
133,SUB30,B,4,Line_A,Non-metallic,36.19,20,23.76,85.35
134,SUB30,B,4,Line_A,Non-metallic,30.19,16,17.12,86.87
135,SUB30,B,4,Line_A,Non-metallic,29.42,18,17.7,81.6
136,SUB30,B,4,Line_A,Non-metallic,19.67,12,14.76,81.91
137,SUB30,B,4,Line_B,Metallic,51.85,21,30.05,91.6
138,SUB30,B,4,Line_B,Metallic,60.01,24,34.32,100.93
139,SUB30,B,4,Line_B,Metallic,56.52,28,37.14,99.51
140,SUB30,B,4,Line_B,Metallic,47.6,18,24.22,87.88
141,SUB30,B,4,Line_B,Non-metallic,39.4,19,23.81,88.08
142,SUB30,B,4,Line_B,Non-metallic,47.65,20,25.46,89.72
143,SUB30,B,4,Line_B,Non-metallic,44.66,18,21.04,88.88
144,SUB30,B,4,Line_B,Non-metallic,42.23,15,20.37,82.85
145,SUB30,B,5,Line_A,Metallic,61.56,24,33.48,97.56
146,SUB30,B,5,Line_A,Metallic,29.72,16,21.6,83.26
147,SUB30,B,5,Line_A,Metallic,56.27,26,33.37,92.68
148,SUB30,B,5,Line_A,Metallic,52.2,25,31.81,95.9
149,SUB30,B,5,Line_A,Non-metallic,51.68,10,14.15,80.5
150,SUB30,B,5,Line_A,Non-metallic,31.77,18,22.2,80.88
151,SUB30,B,5,Line_A,Non-metallic,40.58,14,20.91,84.54
152,SUB30,B,5,Line_A,Non-metallic,30.79,17,21.92,89.57
153,SUB30,B,5,Line_B,Metallic,41.87,24,29.87,96.45
154,SUB30,B,5,Line_B,Metallic,44.1,24,30.5,90.83
155,SUB30,B,5,Line_B,Metallic,62.27,23,31.99,102.84
156,SUB30,B,5,Line_B,Metallic,52.45,23,32.22,94.72
157,SUB30,B,5,Line_B,Non-metallic,46.2,17,21.89,95.21
158,SUB30,B,5,Line_B,Non-metallic,33.36,11,17.58,96.85
159,SUB30,B,5,Line_B,Non-metallic,38.76,12,16.15,84.49
160,SUB30,B,5,Line_B,Non-metallic,40.59,15,20.8,91.07
161,SUB30,C,1,Line_A,Metallic,35.3,20,30.02,94.3
162,SUB30,C,1,Line_A,Metallic,45.13,17,25.9,83.73
163,SUB30,C,1,Line_A,Metallic,49.4,16,27.38,91.02
164,SUB30,C,1,Line_A,Metallic,62.18,14,24.9,91.21
165,SUB30,C,1,Line_A,Non-metallic,26.61,14,19.13,84.48
166,SUB30,C,1,Line_A,Non-metallic,19.62,13,13.91,80.65
167,SUB30,C,1,Line_A,Non-metallic,33.31,8,9.41,80.7
168,SUB30,C,1,Line_A,Non-metallic,29.56,5,9.8,80.15
169,SUB30,C,1,Line_B,Metallic,47.93,16,25.59,93.82
170,SUB30,C,1,Line_B,Metallic,74.25,22,34.03,97.83
171,SUB30,C,1,Line_B,Metallic,60.94,23,34.82,96.98
172,SUB30,C,1,Line_B,Metallic,50.3,19,28.8,100.73
173,SUB30,C,1,Line_B,Non-metallic,36.1,15,19.83,87.3
174,SUB30,C,1,Line_B,Non-metallic,48.09,9,13.45,80.55
175,SUB30,C,1,Line_B,Non-metallic,20.28,13,13.97,83.25
176,SUB30,C,1,Line_B,Non-metallic,49.46,16,20.29,88.38
177,SUB30,C,2,Line_A,Metallic,56.92,15,22.87,90.7
178,SUB30,C,2,Line_A,Metallic,46.12,21,29.01,95.7
179,SUB30,C,2,Line_A,Metallic,39.2,18,24.87,85.04
180,SUB30,C,2,Line_A,Metallic,34.71,21,27.1,87.43
181,SUB30,C,2,Line_A,Non-metallic,33.18,18,18.33,79.21
182,SUB30,C,2,Line_A,Non-metallic,26.16,19,22.59,91.33
183,SUB30,C,2,Line_A,Non-metallic,24.31,11,14.63,82.77
184,SUB30,C,2,Line_A,Non-metallic,38.66,14,19.08,86.37
185,SUB30,C,2,Line_B,Metallic,60.61,24,31.18,87.46
186,SUB30,C,2,Line_B,Metallic,62.51,25,33.37,90.59
187,SUB30,C,2,Line_B,Metallic,54.84,24,35.96,101.95
188,SUB30,C,2,Line_B,Metallic,50.84,19,27.62,92.69
189,SUB30,C,2,Line_B,Non-metallic,31.37,24,30.62,100.59
190,SUB30,C,2,Line_B,Non-metallic,32.17,20,24.88,93.69
191,SUB30,C,2,Line_B,Non-metallic,50.62,19,26.26,95.45
192,SUB30,C,2,Line_B,Non-metallic,42.9,12,17.28,84.22
193,SUB30,C,3,Line_A,Metallic,37.12,24,33.72,101.72
194,SUB30,C,3,Line_A,Metallic,50.17,23,31.54,95.52
195,SUB30,C,3,Line_A,Metallic,38.71,20,27.24,86.4
196,SUB30,C,3,Line_A,Metallic,47.56,19,30.08,97.24
197,SUB30,C,3,Line_A,Non-metallic,34.1,16,20.16,85.71
198,SUB30,C,3,Line_A,Non-metallic,24.8,14,15.78,78.36
199,SUB30,C,3,Line_A,Non-metallic,38.35,16,17.74,84.28
200,SUB30,C,3,Line_A,Non-metallic,42.46,18,24.74,89.97
201,SUB30,C,3,Line_B,Metallic,46.82,19,27.67,95.44
202,SUB30,C,3,Line_B,Metallic,64.94,26,36.08,95.0
203,SUB30,C,3,Line_B,Metallic,51.29,23,31.33,94.25
204,SUB30,C,3,Line_B,Metallic,56.15,20,28.23,95.57
205,SUB30,C,3,Line_B,Non-metallic,36.58,19,23.83,86.6
206,SUB30,C,3,Line_B,Non-metallic,35.91,23,25.45,83.86
207,SUB30,C,3,Line_B,Non-metallic,24.17,18,20.95,88.61
208,SUB30,C,3,Line_B,Non-metallic,50.32,9,15.67,91.53
209,SUB30,C,4,Line_A,Metallic,38.41,19,24.91,86.35
210,SUB30,C,4,Line_A,Metallic,45.23,25,35.87,96.48
211,SUB30,C,4,Line_A,Metallic,64.19,20,33.01,95.39
212,SUB30,C,4,Line_A,Metallic,49.11,21,34.48,100.23
213,SUB30,C,4,Line_A,Non-metallic,27.99,19,21.78,85.72
214,SUB30,C,4,Line_A,Non-metallic,41.72,16,21.45,87.5
215,SUB30,C,4,Line_A,Non-metallic,36.86,17,18.32,87.86
216,SUB30,C,4,Line_A,Non-metallic,25.65,11,13.98,82.41
217,SUB30,C,4,Line_B,Metallic,48.11,26,32.13,95.5
218,SUB30,C,4,Line_B,Metallic,49.03,23,31.83,92.89
219,SUB30,C,4,Line_B,Metallic,60.16,23,29.69,87.54
220,SUB30,C,4,Line_B,Metallic,53.9,22,30.8,96.07
221,SUB30,C,4,Line_B,Non-metallic,41.92,22,25.25,87.49
222,SUB30,C,4,Line_B,Non-metallic,30.71,20,25.68,90.76
223,SUB30,C,4,Line_B,Non-metallic,18.74,13,13.92,81.79
224,SUB30,C,4,Line_B,Non-metallic,36.53,19,22.88,94.67
225,SUB30,C,5,Line_A,Metallic,44.45,18,26.6,85.01
226,SUB30,C,5,Line_A,Metallic,53.51,21,29.69,99.73
227,SUB30,C,5,Line_A,Metallic,44.91,28,35.53,92.47
228,SUB30,C,5,Line_A,Metallic,50.79,18,25.39,91.87
229,SUB30,C,5,Line_A,Non-metallic,40.92,15,21.49,92.1
230,SUB30,C,5,Line_A,Non-metallic,48.41,18,25.99,83.19
231,SUB30,C,5,Line_A,Non-metallic,33.5,14,18.21,82.83
232,SUB30,C,5,Line_A,Non-metallic,34.79,23,26.9,93.03
233,SUB30,C,5,Line_B,Metallic,54.23,24,33.02,99.57
234,SUB30,C,5,Line_B,Metallic,66.11,29,39.93,105.11
235,SUB30,C,5,Line_B,Metallic,46.42,24,33.57,101.64
236,SUB30,C,5,Line_B,Metallic,58.0,27,37.25,105.62
237,SUB30,C,5,Line_B,Non-metallic,44.66,19,24.9,80.2
238,SUB30,C,5,Line_B,Non-metallic,45.45,8,10.7,83.51
239,SUB30,C,5,Line_B,Non-metallic,46.26,16,20.41,94.18
240,SUB30,C,5,Line_B,Non-metallic,38.09,27,31.57,98.36
241,SUB30,D,1,Line_A,Metallic,61.74,19,27.31,91.22
242,SUB30,D,1,Line_A,Metallic,47.7,14,21.81,84.74
243,SUB30,D,1,Line_A,Metallic,55.86,19,27.75,91.56
244,SUB30,D,1,Line_A,Metallic,49.9,21,27.89,87.91
245,SUB30,D,1,Line_A,Non-metallic,43.39,13,15.94,85.25
246,SUB30,D,1,Line_A,Non-metallic,37.94,10,14.92,85.68
247,SUB30,D,1,Line_A,Non-metallic,37.18,17,19.22,87.16
248,SUB30,D,1,Line_A,Non-metallic,31.43,13,18.16,91.0
249,SUB30,D,1,Line_B,Metallic,69.25,26,36.63,101.79
250,SUB30,D,1,Line_B,Metallic,60.52,22,31.97,100.31
251,SUB30,D,1,Line_B,Metallic,53.5,19,27.26,96.16
252,SUB30,D,1,Line_B,Metallic,54.03,23,33.06,96.3
253,SUB30,D,1,Line_B,Non-metallic,46.43,19,22.6,96.04
254,SUB30,D,1,Line_B,Non-metallic,35.74,12,14.62,80.44
255,SUB30,D,1,Line_B,Non-metallic,40.44,17,21.31,91.83
256,SUB30,D,1,Line_B,Non-metallic,42.89,19,24.8,94.32
257,SUB30,D,2,Line_A,Metallic,30.08,18,20.62,86.99
258,SUB30,D,2,Line_A,Metallic,47.96,23,33.16,96.68
259,SUB30,D,2,Line_A,Metallic,43.75,21,27.9,92.09
260,SUB30,D,2,Line_A,Metallic,56.38,18,28.55,95.27
261,SUB30,D,2,Line_A,Non-metallic,25.88,18,22.22,88.41
262,SUB30,D,2,Line_A,Non-metallic,27.52,13,15.44,85.29
263,SUB30,D,2,Line_A,Non-metallic,25.88,17,18.12,84.23
264,SUB30,D,2,Line_A,Non-metallic,34.93,23,24.99,95.88
265,SUB30,D,2,Line_B,Metallic,55.27,24,33.32,99.77
266,SUB30,D,2,Line_B,Metallic,52.69,27,35.09,103.8
267,SUB30,D,2,Line_B,Metallic,48.52,22,28.61,96.42
268,SUB30,D,2,Line_B,Metallic,66.28,22,32.14,92.68
269,SUB30,D,2,Line_B,Non-metallic,38.05,13,16.11,86.5
270,SUB30,D,2,Line_B,Non-metallic,51.21,27,32.21,102.93
271,SUB30,D,2,Line_B,Non-metallic,42.07,18,23.74,91.34
272,SUB30,D,2,Line_B,Non-metallic,40.94,17,19.68,81.99
273,SUB30,D,3,Line_A,Metallic,53.55,19,26.97,91.45
274,SUB30,D,3,Line_A,Metallic,54.76,21,29.02,97.8
275,SUB30,D,3,Line_A,Metallic,61.42,22,33.43,101.04
276,SUB30,D,3,Line_A,Metallic,57.61,22,32.37,97.39
277,SUB30,D,3,Line_A,Non-metallic,24.67,18,18.79,82.35
278,SUB30,D,3,Line_A,Non-metallic,45.08,19,26.79,90.2
279,SUB30,D,3,Line_A,Non-metallic,24.21,15,18.07,85.32
280,SUB30,D,3,Line_A,Non-metallic,43.64,15,20.8,83.02
281,SUB30,D,3,Line_B,Metallic,57.83,23,31.24,95.55
282,SUB30,D,3,Line_B,Metallic,52.43,22,33.63,97.82
283,SUB30,D,3,Line_B,Metallic,51.93,16,23.3,89.72
284,SUB30,D,3,Line_B,Metallic,48.17,28,36.02,105.09
285,SUB30,D,3,Line_B,Non-metallic,40.52,19,23.72,91.09
286,SUB30,D,3,Line_B,Non-metallic,54.61,11,14.35,82.16
287,SUB30,D,3,Line_B,Non-metallic,40.12,21,26.57,91.59
288,SUB30,D,3,Line_B,Non-metallic,48.66,22,28.13,98.11
289,SUB30,D,4,Line_A,Metallic,50.32,19,28.65,93.07
290,SUB30,D,4,Line_A,Metallic,48.01,26,30.34,88.17
291,SUB30,D,4,Line_A,Metallic,37.91,20,26.64,85.15
292,SUB30,D,4,Line_A,Metallic,39.63,18,29.19,100.22
293,SUB30,D,4,Line_A,Non-metallic,30.5,16,17.82,77.2
294,SUB30,D,4,Line_A,Non-metallic,33.01,14,17.83,78.43
295,SUB30,D,4,Line_A,Non-metallic,27.52,17,20.89,88.71
296,SUB30,D,4,Line_A,Non-metallic,22.78,20,21.45,89.98
297,SUB30,D,4,Line_B,Metallic,53.91,20,28.46,95.95
298,SUB30,D,4,Line_B,Metallic,59.21,24,36.06,103.99
299,SUB30,D,4,Line_B,Metallic,51.82,27,38.81,109.79
300,SUB30,D,4,Line_B,Metallic,43.56,21,31.1,92.16
301,SUB30,D,4,Line_B,Non-metallic,28.76,18,22.12,89.52
302,SUB30,D,4,Line_B,Non-metallic,34.47,18,21.0,85.6
303,SUB30,D,4,Line_B,Non-metallic,59.39,21,29.55,93.32
304,SUB30,D,4,Line_B,Non-metallic,38.42,18,18.37,81.71
305,SUB30,D,5,Line_A,Metallic,34.81,15,19.76,91.53
306,SUB30,D,5,Line_A,Metallic,49.82,26,35.14,100.43
307,SUB30,D,5,Line_A,Metallic,42.54,24,32.77,93.29
308,SUB30,D,5,Line_A,Metallic,54.96,24,32.22,90.7
309,SUB30,D,5,Line_A,Non-metallic,26.13,18,21.66,84.42
310,SUB30,D,5,Line_A,Non-metallic,36.43,20,25.36,96.47
311,SUB30,D,5,Line_A,Non-metallic,47.05,15,23.34,86.68
312,SUB30,D,5,Line_A,Non-metallic,45.08,18,22.75,81.15
313,SUB30,D,5,Line_B,Metallic,54.74,20,30.62,102.11
314,SUB30,D,5,Line_B,Metallic,49.43,26,33.27,95.44
315,SUB30,D,5,Line_B,Metallic,62.78,25,37.82,99.3
316,SUB30,D,5,Line_B,Metallic,64.69,25,36.54,98.52
317,SUB30,D,5,Line_B,Non-metallic,41.78,20,23.68,93.69
318,SUB30,D,5,Line_B,Non-metallic,47.73,23,31.19,102.25
319,SUB30,D,5,Line_B,Non-metallic,39.01,22,25.68,92.59
320,SUB30,D,5,Line_B,Non-metallic,37.1,26,31.03,95.47
321,AOI20,A,1,Line_A,Metallic,67.15,13,20.33,89.82
322,AOI20,A,1,Line_A,Metallic,57.51,21,28.28,92.27
323,AOI20,A,1,Line_A,Metallic,74.03,23,34.66,95.2
324,AOI20,A,1,Line_A,Metallic,53.65,14,23.35,92.19
325,AOI20,A,1,Line_A,Non-metallic,29.61,14,15.7,79.44
326,AOI20,A,1,Line_A,Non-metallic,43.45,10,16.2,86.68
327,AOI20,A,1,Line_A,Non-metallic,40.87,8,11.31,85.07
328,AOI20,A,1,Line_A,Non-metallic,19.39,15,15.44,86.33
329,AOI20,A,1,Line_B,Metallic,57.26,25,35.28,106.74
330,AOI20,A,1,Line_B,Metallic,61.27,25,32.48,102.15
331,AOI20,A,1,Line_B,Metallic,56.54,22,31.25,90.25
332,AOI20,A,1,Line_B,Metallic,64.94,26,36.76,94.11
333,AOI20,A,1,Line_B,Non-metallic,47.95,22,24.75,87.52
334,AOI20,A,1,Line_B,Non-metallic,56.45,20,27.43,101.19
335,AOI20,A,1,Line_B,Non-metallic,52.98,21,31.7,95.97
336,AOI20,A,1,Line_B,Non-metallic,42.22,21,26.77,91.17
337,AOI20,A,2,Line_A,Metallic,48.22,29,37.81,96.29
338,AOI20,A,2,Line_A,Metallic,64.79,21,30.87,96.48
339,AOI20,A,2,Line_A,Metallic,46.02,22,33.08,97.68
340,AOI20,A,2,Line_A,Metallic,53.8,20,28.3,91.36
341,AOI20,A,2,Line_A,Non-metallic,39.79,20,22.0,91.29
342,AOI20,A,2,Line_A,Non-metallic,39.77,18,20.97,92.41
343,AOI20,A,2,Line_A,Non-metallic,53.59,20,24.01,92.6
344,AOI20,A,2,Line_A,Non-metallic,46.44,12,17.53,86.08
345,AOI20,A,2,Line_B,Metallic,67.73,25,36.09,105.88
346,AOI20,A,2,Line_B,Metallic,73.42,15,25.8,91.92
347,AOI20,A,2,Line_B,Metallic,48.11,25,35.27,95.05
348,AOI20,A,2,Line_B,Metallic,65.86,21,30.33,101.75
349,AOI20,A,2,Line_B,Non-metallic,44.39,21,23.33,98.25
350,AOI20,A,2,Line_B,Non-metallic,54.12,19,26.42,87.38
351,AOI20,A,2,Line_B,Non-metallic,59.05,19,25.76,90.58
352,AOI20,A,2,Line_B,Non-metallic,44.06,22,27.7,96.55
353,AOI20,A,3,Line_A,Metallic,56.93,23,31.66,103.71
354,AOI20,A,3,Line_A,Metallic,43.67,26,35.93,94.46
355,AOI20,A,3,Line_A,Metallic,75.95,25,38.17,99.59
356,AOI20,A,3,Line_A,Metallic,55.15,21,30.74,99.74
357,AOI20,A,3,Line_A,Non-metallic,44.54,15,21.66,91.28
358,AOI20,A,3,Line_A,Non-metallic,48.56,20,25.39,86.57
359,AOI20,A,3,Line_A,Non-metallic,35.62,12,16.65,83.66
360,AOI20,A,3,Line_A,Non-metallic,39.26,8,10.72,84.2
361,AOI20,A,3,Line_B,Metallic,57.35,26,33.16,103.63
362,AOI20,A,3,Line_B,Metallic,61.78,26,39.63,108.6
363,AOI20,A,3,Line_B,Metallic,60.39,23,32.23,99.24
364,AOI20,A,3,Line_B,Metallic,62.11,24,36.3,99.68
365,AOI20,A,3,Line_B,Non-metallic,68.55,21,32.08,98.53
366,AOI20,A,3,Line_B,Non-metallic,57.19,18,23.5,92.76
367,AOI20,A,3,Line_B,Non-metallic,57.4,21,25.83,87.16
368,AOI20,A,3,Line_B,Non-metallic,36.87,15,19.6,92.61
369,AOI20,A,4,Line_A,Metallic,56.89,16,25.02,89.36
370,AOI20,A,4,Line_A,Metallic,74.82,18,28.85,99.6
371,AOI20,A,4,Line_A,Metallic,60.82,25,34.98,98.51
372,AOI20,A,4,Line_A,Metallic,63.61,20,31.54,89.22
373,AOI20,A,4,Line_A,Non-metallic,45.79,19,23.51,88.84
374,AOI20,A,4,Line_A,Non-metallic,37.71,15,18.96,81.23
375,AOI20,A,4,Line_A,Non-metallic,45.74,15,21.63,82.85
376,AOI20,A,4,Line_A,Non-metallic,38.19,17,23.7,90.39
377,AOI20,A,4,Line_B,Metallic,61.2,27,33.47,97.93
378,AOI20,A,4,Line_B,Metallic,79.98,26,38.21,103.7
379,AOI20,A,4,Line_B,Metallic,70.61,19,27.28,94.48
380,AOI20,A,4,Line_B,Metallic,56.92,30,38.83,94.22
381,AOI20,A,4,Line_B,Non-metallic,38.22,13,17.21,85.64
382,AOI20,A,4,Line_B,Non-metallic,45.39,25,32.36,96.62
383,AOI20,A,4,Line_B,Non-metallic,30.86,24,28.59,95.82
384,AOI20,A,4,Line_B,Non-metallic,57.34,18,28.1,90.39
385,AOI20,A,5,Line_A,Metallic,65.57,18,26.88,97.42
386,AOI20,A,5,Line_A,Metallic,56.98,26,35.72,97.3
387,AOI20,A,5,Line_A,Metallic,70.79,23,31.15,91.21
388,AOI20,A,5,Line_A,Metallic,63.89,25,32.66,92.62
389,AOI20,A,5,Line_A,Non-metallic,40.26,18,20.63,84.34
390,AOI20,A,5,Line_A,Non-metallic,39.01,22,27.98,91.56
391,AOI20,A,5,Line_A,Non-metallic,41.87,20,23.72,84.49
392,AOI20,A,5,Line_A,Non-metallic,37.21,17,19.6,86.76
393,AOI20,A,5,Line_B,Metallic,71.4,22,33.11,96.96
394,AOI20,A,5,Line_B,Metallic,68.1,27,35.35,94.4
395,AOI20,A,5,Line_B,Metallic,65.45,30,36.81,101.89
396,AOI20,A,5,Line_B,Metallic,75.31,26,38.42,98.85
397,AOI20,A,5,Line_B,Non-metallic,50.19,17,19.27,91.65
398,AOI20,A,5,Line_B,Non-metallic,42.83,21,23.92,85.58
399,AOI20,A,5,Line_B,Non-metallic,49.72,20,26.57,94.94
400,AOI20,A,5,Line_B,Non-metallic,53.93,23,32.0,92.77
401,AOI20,B,1,Line_A,Metallic,56.53,25,36.31,92.45
402,AOI20,B,1,Line_A,Metallic,54.34,26,35.83,98.58
403,AOI20,B,1,Line_A,Metallic,55.15,20,29.58,92.29
404,AOI20,B,1,Line_A,Metallic,56.64,22,30.21,95.88
405,AOI20,B,1,Line_A,Non-metallic,67.77,12,20.65,83.83
406,AOI20,B,1,Line_A,Non-metallic,47.91,17,23.97,93.96
407,AOI20,B,1,Line_A,Non-metallic,44.64,21,22.61,94.64
408,AOI20,B,1,Line_A,Non-metallic,46.19,21,24.59,86.38
409,AOI20,B,1,Line_B,Metallic,64.24,24,34.66,103.29
410,AOI20,B,1,Line_B,Metallic,48.0,28,36.27,99.3
411,AOI20,B,1,Line_B,Metallic,50.5,26,30.7,98.7
412,AOI20,B,1,Line_B,Metallic,50.32,25,33.35,102.69
413,AOI20,B,1,Line_B,Non-metallic,47.48,18,22.89,95.57
414,AOI20,B,1,Line_B,Non-metallic,53.56,19,25.05,85.77
415,AOI20,B,1,Line_B,Non-metallic,52.3,15,22.48,90.7
416,AOI20,B,1,Line_B,Non-metallic,69.29,17,25.15,99.3
417,AOI20,B,2,Line_A,Metallic,67.13,20,30.91,94.27
418,AOI20,B,2,Line_A,Metallic,59.4,20,29.48,86.84
419,AOI20,B,2,Line_A,Metallic,58.15,24,33.11,89.38
420,AOI20,B,2,Line_A,Metallic,65.4,23,32.19,94.05
421,AOI20,B,2,Line_A,Non-metallic,30.24,15,17.77,89.71
422,AOI20,B,2,Line_A,Non-metallic,37.56,20,23.65,90.02
423,AOI20,B,2,Line_A,Non-metallic,41.8,21,25.16,83.83
424,AOI20,B,2,Line_A,Non-metallic,31.25,16,17.75,86.42
425,AOI20,B,2,Line_B,Metallic,59.04,33,39.8,103.47
426,AOI20,B,2,Line_B,Metallic,53.41,24,33.14,88.56
427,AOI20,B,2,Line_B,Metallic,65.01,31,40.58,104.25
428,AOI20,B,2,Line_B,Metallic,71.71,25,35.18,90.22
429,AOI20,B,2,Line_B,Non-metallic,54.45,21,25.91,93.16
430,AOI20,B,2,Line_B,Non-metallic,44.04,19,25.25,86.83
431,AOI20,B,2,Line_B,Non-metallic,57.9,17,22.89,98.17
432,AOI20,B,2,Line_B,Non-metallic,58.58,21,26.53,90.98
433,AOI20,B,3,Line_A,Metallic,57.62,23,32.27,95.11
434,AOI20,B,3,Line_A,Metallic,55.18,18,26.29,94.59
435,AOI20,B,3,Line_A,Metallic,45.37,22,28.63,93.06
436,AOI20,B,3,Line_A,Metallic,53.7,28,37.75,93.94
437,AOI20,B,3,Line_A,Non-metallic,48.71,16,20.92,88.32
438,AOI20,B,3,Line_A,Non-metallic,38.82,21,24.42,87.11
439,AOI20,B,3,Line_A,Non-metallic,37.42,17,23.25,91.25
440,AOI20,B,3,Line_A,Non-metallic,57.53,26,31.25,94.79
441,AOI20,B,3,Line_B,Metallic,53.0,23,30.85,91.98
442,AOI20,B,3,Line_B,Metallic,54.06,25,32.04,100.44
443,AOI20,B,3,Line_B,Metallic,55.2,35,43.4,105.54
444,AOI20,B,3,Line_B,Metallic,51.99,31,41.53,105.09
445,AOI20,B,3,Line_B,Non-metallic,37.55,22,24.71,97.64
446,AOI20,B,3,Line_B,Non-metallic,55.88,22,24.81,87.93
447,AOI20,B,3,Line_B,Non-metallic,54.85,25,33.36,91.65
448,AOI20,B,3,Line_B,Non-metallic,51.56,25,28.53,94.51
449,AOI20,B,4,Line_A,Metallic,59.33,23,29.66,92.05
450,AOI20,B,4,Line_A,Metallic,54.22,23,31.1,92.62
451,AOI20,B,4,Line_A,Metallic,56.66,25,33.81,94.71
452,AOI20,B,4,Line_A,Metallic,57.79,18,28.2,92.3
453,AOI20,B,4,Line_A,Non-metallic,43.34,23,25.08,82.16
454,AOI20,B,4,Line_A,Non-metallic,45.33,20,25.71,88.66
455,AOI20,B,4,Line_A,Non-metallic,48.65,23,29.61,92.28
456,AOI20,B,4,Line_A,Non-metallic,25.08,22,26.96,93.99
457,AOI20,B,4,Line_B,Metallic,55.52,29,39.54,108.7
458,AOI20,B,4,Line_B,Metallic,55.55,26,36.36,100.41
459,AOI20,B,4,Line_B,Metallic,53.5,28,37.85,101.6
460,AOI20,B,4,Line_B,Metallic,64.87,26,38.65,98.22
461,AOI20,B,4,Line_B,Non-metallic,44.01,23,29.69,89.39
462,AOI20,B,4,Line_B,Non-metallic,37.86,16,20.6,84.36
463,AOI20,B,4,Line_B,Non-metallic,45.73,25,29.46,96.14
464,AOI20,B,4,Line_B,Non-metallic,46.46,25,31.33,93.79
465,AOI20,B,5,Line_A,Metallic,57.77,28,38.06,93.82
466,AOI20,B,5,Line_A,Metallic,64.77,21,33.53,100.24
467,AOI20,B,5,Line_A,Metallic,61.66,25,34.57,99.6
468,AOI20,B,5,Line_A,Metallic,56.05,25,35.62,95.4
469,AOI20,B,5,Line_A,Non-metallic,39.96,17,20.09,79.15
470,AOI20,B,5,Line_A,Non-metallic,51.4,26,34.45,90.3
471,AOI20,B,5,Line_A,Non-metallic,51.36,25,30.43,94.32
472,AOI20,B,5,Line_A,Non-metallic,28.13,21,22.67,89.12
473,AOI20,B,5,Line_B,Metallic,51.93,29,39.37,99.21
474,AOI20,B,5,Line_B,Metallic,55.54,21,29.74,93.09
475,AOI20,B,5,Line_B,Metallic,52.02,29,37.02,96.35
476,AOI20,B,5,Line_B,Metallic,60.49,31,41.72,103.52
477,AOI20,B,5,Line_B,Non-metallic,56.46,20,26.83,93.9
478,AOI20,B,5,Line_B,Non-metallic,47.21,25,29.42,97.22
479,AOI20,B,5,Line_B,Non-metallic,55.89,14,22.61,78.09
480,AOI20,B,5,Line_B,Non-metallic,45.96,27,32.01,91.18
481,AOI20,C,1,Line_A,Metallic,47.7,26,31.15,98.94
482,AOI20,C,1,Line_A,Metallic,56.53,19,27.35,87.62
483,AOI20,C,1,Line_A,Metallic,64.36,25,32.47,93.77
484,AOI20,C,1,Line_A,Metallic,49.66,27,33.3,102.39
485,AOI20,C,1,Line_A,Non-metallic,42.72,15,19.04,82.5
486,AOI20,C,1,Line_A,Non-metallic,32.17,19,20.9,78.32
487,AOI20,C,1,Line_A,Non-metallic,39.77,13,16.57,80.29
488,AOI20,C,1,Line_A,Non-metallic,35.59,25,29.36,94.12
489,AOI20,C,1,Line_B,Metallic,47.9,24,32.59,93.37
490,AOI20,C,1,Line_B,Metallic,70.72,22,32.53,95.08
491,AOI20,C,1,Line_B,Metallic,64.4,24,33.79,97.39
492,AOI20,C,1,Line_B,Metallic,56.76,27,36.69,100.06
493,AOI20,C,1,Line_B,Non-metallic,45.34,24,29.06,93.7
494,AOI20,C,1,Line_B,Non-metallic,49.89,27,30.84,99.29
495,AOI20,C,1,Line_B,Non-metallic,32.91,22,28.47,96.45
496,AOI20,C,1,Line_B,Non-metallic,50.45,20,26.1,91.79
497,AOI20,C,2,Line_A,Metallic,50.32,23,31.86,91.87
498,AOI20,C,2,Line_A,Metallic,50.15,19,28.14,94.44
499,AOI20,C,2,Line_A,Metallic,58.97,27,36.72,100.0
500,AOI20,C,2,Line_A,Metallic,59.58,23,31.8,103.75
501,AOI20,C,2,Line_A,Non-metallic,39.16,17,22.39,89.13
502,AOI20,C,2,Line_A,Non-metallic,31.06,23,26.58,86.69
503,AOI20,C,2,Line_A,Non-metallic,53.1,21,25.35,97.36
504,AOI20,C,2,Line_A,Non-metallic,48.6,19,27.38,92.35
505,AOI20,C,2,Line_B,Metallic,62.76,24,34.96,101.08
506,AOI20,C,2,Line_B,Metallic,63.12,24,34.28,98.4
507,AOI20,C,2,Line_B,Metallic,51.67,22,31.6,86.35
508,AOI20,C,2,Line_B,Metallic,64.75,25,37.36,98.93
509,AOI20,C,2,Line_B,Non-metallic,54.61,21,27.73,96.92
510,AOI20,C,2,Line_B,Non-metallic,45.07,25,28.82,95.93
511,AOI20,C,2,Line_B,Non-metallic,56.84,24,33.89,95.35
512,AOI20,C,2,Line_B,Non-metallic,37.28,19,24.53,93.65
513,AOI20,C,3,Line_A,Metallic,57.87,21,31.67,89.9
514,AOI20,C,3,Line_A,Metallic,66.85,33,44.11,106.09
515,AOI20,C,3,Line_A,Metallic,52.81,18,25.87,86.26
516,AOI20,C,3,Line_A,Metallic,44.7,30,38.3,101.1
517,AOI20,C,3,Line_A,Non-metallic,40.37,19,25.39,90.15
518,AOI20,C,3,Line_A,Non-metallic,47.51,19,24.15,83.76
519,AOI20,C,3,Line_A,Non-metallic,26.19,19,22.23,82.86
520,AOI20,C,3,Line_A,Non-metallic,42.71,20,21.68,83.95
521,AOI20,C,3,Line_B,Metallic,66.46,28,36.63,101.01
522,AOI20,C,3,Line_B,Metallic,71.69,30,40.95,101.61
523,AOI20,C,3,Line_B,Metallic,57.65,29,38.73,104.4
524,AOI20,C,3,Line_B,Metallic,64.12,30,40.35,106.19
525,AOI20,C,3,Line_B,Non-metallic,56.4,20,23.88,97.36
526,AOI20,C,3,Line_B,Non-metallic,51.18,17,22.0,92.93
527,AOI20,C,3,Line_B,Non-metallic,46.62,21,28.84,90.57
528,AOI20,C,3,Line_B,Non-metallic,42.22,24,29.69,97.36
529,AOI20,C,4,Line_A,Metallic,64.75,26,37.05,97.64
530,AOI20,C,4,Line_A,Metallic,57.53,25,34.75,100.11
531,AOI20,C,4,Line_A,Metallic,61.72,25,33.61,96.47
532,AOI20,C,4,Line_A,Metallic,56.76,26,38.84,97.87
533,AOI20,C,4,Line_A,Non-metallic,46.59,24,29.75,102.77
534,AOI20,C,4,Line_A,Non-metallic,39.79,22,25.5,88.95
535,AOI20,C,4,Line_A,Non-metallic,45.12,24,29.92,98.58
536,AOI20,C,4,Line_A,Non-metallic,42.19,20,29.39,94.74
537,AOI20,C,4,Line_B,Metallic,56.88,26,33.82,102.1
538,AOI20,C,4,Line_B,Metallic,59.9,29,38.59,104.71
539,AOI20,C,4,Line_B,Metallic,55.8,25,34.56,101.28
540,AOI20,C,4,Line_B,Metallic,65.83,26,37.48,98.01
541,AOI20,C,4,Line_B,Non-metallic,44.57,21,28.43,97.0
542,AOI20,C,4,Line_B,Non-metallic,54.14,28,39.0,95.24
543,AOI20,C,4,Line_B,Non-metallic,42.72,22,25.77,88.24
544,AOI20,C,4,Line_B,Non-metallic,46.45,20,26.11,93.01
545,AOI20,C,5,Line_A,Metallic,63.29,28,39.06,98.63
546,AOI20,C,5,Line_A,Metallic,77.23,27,35.79,93.76
547,AOI20,C,5,Line_A,Metallic,44.41,26,33.63,94.34
548,AOI20,C,5,Line_A,Metallic,76.29,28,40.82,97.66
549,AOI20,C,5,Line_A,Non-metallic,36.71,22,26.68,83.79
550,AOI20,C,5,Line_A,Non-metallic,43.67,22,26.9,88.11
551,AOI20,C,5,Line_A,Non-metallic,40.61,21,26.02,93.15
552,AOI20,C,5,Line_A,Non-metallic,54.39,21,26.8,93.04
553,AOI20,C,5,Line_B,Metallic,70.39,28,40.21,106.87
554,AOI20,C,5,Line_B,Metallic,76.18,35,45.26,106.64
555,AOI20,C,5,Line_B,Metallic,65.3,29,38.3,95.63
556,AOI20,C,5,Line_B,Metallic,65.99,27,37.56,97.86
557,AOI20,C,5,Line_B,Non-metallic,41.85,26,31.26,98.83
558,AOI20,C,5,Line_B,Non-metallic,69.78,26,35.15,95.0
559,AOI20,C,5,Line_B,Non-metallic,40.26,30,33.35,93.84
560,AOI20,C,5,Line_B,Non-metallic,50.87,25,29.66,94.14
561,AOI20,D,1,Line_A,Metallic,67.45,21,29.36,96.91
562,AOI20,D,1,Line_A,Metallic,61.18,22,29.31,90.13
563,AOI20,D,1,Line_A,Metallic,56.54,27,34.63,96.59
564,AOI20,D,1,Line_A,Metallic,62.74,16,27.68,87.2
565,AOI20,D,1,Line_A,Non-metallic,45.82,20,27.23,93.81
566,AOI20,D,1,Line_A,Non-metallic,22.79,17,19.96,85.59
567,AOI20,D,1,Line_A,Non-metallic,47.06,22,28.62,91.75
568,AOI20,D,1,Line_A,Non-metallic,27.31,18,21.94,83.44
569,AOI20,D,1,Line_B,Metallic,68.37,30,40.91,91.2
570,AOI20,D,1,Line_B,Metallic,52.14,33,40.88,95.5
571,AOI20,D,1,Line_B,Metallic,73.5,27,40.09,103.97
572,AOI20,D,1,Line_B,Metallic,66.9,28,39.64,111.65
573,AOI20,D,1,Line_B,Non-metallic,57.25,17,24.59,96.27
574,AOI20,D,1,Line_B,Non-metallic,59.22,21,29.97,99.29
575,AOI20,D,1,Line_B,Non-metallic,70.87,20,27.69,92.71
576,AOI20,D,1,Line_B,Non-metallic,44.83,20,20.96,87.35
577,AOI20,D,2,Line_A,Metallic,60.14,23,35.81,97.84
578,AOI20,D,2,Line_A,Metallic,67.97,25,36.98,99.74
579,AOI20,D,2,Line_A,Metallic,68.63,25,36.53,99.77
580,AOI20,D,2,Line_A,Metallic,54.55,26,38.62,98.73
581,AOI20,D,2,Line_A,Non-metallic,46.57,24,31.41,94.66
582,AOI20,D,2,Line_A,Non-metallic,22.74,22,21.18,93.13
583,AOI20,D,2,Line_A,Non-metallic,44.44,23,26.89,85.15
584,AOI20,D,2,Line_A,Non-metallic,45.22,20,24.64,90.08
585,AOI20,D,2,Line_B,Metallic,86.52,30,44.56,109.46
586,AOI20,D,2,Line_B,Metallic,75.58,27,35.28,98.65
587,AOI20,D,2,Line_B,Metallic,69.9,24,34.61,96.15
588,AOI20,D,2,Line_B,Metallic,75.77,30,42.63,107.18
589,AOI20,D,2,Line_B,Non-metallic,48.68,24,27.95,85.38
590,AOI20,D,2,Line_B,Non-metallic,50.28,24,31.97,103.3
591,AOI20,D,2,Line_B,Non-metallic,62.34,20,26.92,95.3
592,AOI20,D,2,Line_B,Non-metallic,70.52,28,38.25,99.99
593,AOI20,D,3,Line_A,Metallic,49.49,28,34.68,96.01
594,AOI20,D,3,Line_A,Metallic,56.02,30,38.66,90.07
595,AOI20,D,3,Line_A,Metallic,61.29,23,32.92,95.36
596,AOI20,D,3,Line_A,Metallic,54.67,28,34.61,94.85
597,AOI20,D,3,Line_A,Non-metallic,48.81,19,22.28,90.72
598,AOI20,D,3,Line_A,Non-metallic,52.55,21,24.17,92.22
599,AOI20,D,3,Line_A,Non-metallic,28.89,22,24.05,84.67
600,AOI20,D,3,Line_A,Non-metallic,39.24,20,23.68,91.4
601,AOI20,D,3,Line_B,Metallic,59.21,31,41.05,100.77
602,AOI20,D,3,Line_B,Metallic,55.64,23,32.64,96.08
603,AOI20,D,3,Line_B,Metallic,42.84,26,32.2,103.49
604,AOI20,D,3,Line_B,Metallic,48.53,23,33.1,103.26
605,AOI20,D,3,Line_B,Non-metallic,42.67,22,28.11,84.93
606,AOI20,D,3,Line_B,Non-metallic,33.18,23,29.46,93.47
607,AOI20,D,3,Line_B,Non-metallic,49.86,28,37.35,98.59
608,AOI20,D,3,Line_B,Non-metallic,48.86,30,33.43,102.18
609,AOI20,D,4,Line_A,Metallic,48.34,26,33.91,92.59
610,AOI20,D,4,Line_A,Metallic,48.64,27,36.93,98.07
611,AOI20,D,4,Line_A,Metallic,57.6,28,35.86,100.78
612,AOI20,D,4,Line_A,Metallic,63.96,34,43.57,101.54
613,AOI20,D,4,Line_A,Non-metallic,49.54,25,30.09,92.05
614,AOI20,D,4,Line_A,Non-metallic,47.6,19,24.06,89.68
615,AOI20,D,4,Line_A,Non-metallic,51.47,20,23.23,81.06
616,AOI20,D,4,Line_A,Non-metallic,32.29,18,21.63,82.82
617,AOI20,D,4,Line_B,Metallic,57.03,27,35.64,104.95
618,AOI20,D,4,Line_B,Metallic,68.63,29,39.0,100.35
619,AOI20,D,4,Line_B,Metallic,65.79,31,39.94,102.9
620,AOI20,D,4,Line_B,Metallic,45.73,30,39.21,101.11
621,AOI20,D,4,Line_B,Non-metallic,64.44,22,30.08,95.51
622,AOI20,D,4,Line_B,Non-metallic,48.15,25,30.95,99.68
623,AOI20,D,4,Line_B,Non-metallic,60.71,25,33.59,95.38
624,AOI20,D,4,Line_B,Non-metallic,55.51,22,30.41,104.74
625,AOI20,D,5,Line_A,Metallic,58.16,20,28.6,97.52
626,AOI20,D,5,Line_A,Metallic,63.9,28,39.78,102.58
627,AOI20,D,5,Line_A,Metallic,69.55,30,43.28,104.6
628,AOI20,D,5,Line_A,Metallic,66.89,26,35.57,104.43
629,AOI20,D,5,Line_A,Non-metallic,47.04,25,30.84,91.86
630,AOI20,D,5,Line_A,Non-metallic,45.29,27,33.32,89.15
631,AOI20,D,5,Line_A,Non-metallic,43.37,29,33.86,89.18
632,AOI20,D,5,Line_A,Non-metallic,61.29,25,32.24,93.73
633,AOI20,D,5,Line_B,Metallic,74.4,28,41.27,105.88
634,AOI20,D,5,Line_B,Metallic,67.28,30,40.29,107.19
635,AOI20,D,5,Line_B,Metallic,57.84,25,35.42,102.03
636,AOI20,D,5,Line_B,Metallic,69.28,31,41.3,106.89
637,AOI20,D,5,Line_B,Non-metallic,50.81,24,29.6,103.39
638,AOI20,D,5,Line_B,Non-metallic,36.45,27,28.69,94.22
639,AOI20,D,5,Line_B,Non-metallic,47.51,19,25.32,90.71
640,AOI20,D,5,Line_B,Non-metallic,33.36,28,34.3,104.66
641,ICT40,A,1,Line_A,Metallic,72.05,28,41.27,108.44
642,ICT40,A,1,Line_A,Metallic,78.64,24,36.26,99.86
643,ICT40,A,1,Line_A,Metallic,53.62,29,41.57,104.49
644,ICT40,A,1,Line_A,Metallic,81.52,28,40.17,102.44
645,ICT40,A,1,Line_A,Non-metallic,48.07,20,27.79,97.5
646,ICT40,A,1,Line_A,Non-metallic,46.58,26,31.45,96.0
647,ICT40,A,1,Line_A,Non-metallic,58.91,26,33.2,101.55
648,ICT40,A,1,Line_A,Non-metallic,57.63,25,30.58,102.65
649,ICT40,A,1,Line_B,Metallic,78.99,33,42.41,101.24
650,ICT40,A,1,Line_B,Metallic,85.52,31,40.7,107.46
651,ICT40,A,1,Line_B,Metallic,70.38,35,45.8,107.8
652,ICT40,A,1,Line_B,Metallic,85.02,28,39.11,101.38
653,ICT40,A,1,Line_B,Non-metallic,68.03,22,27.49,97.09
654,ICT40,A,1,Line_B,Non-metallic,55.87,25,28.73,91.97
655,ICT40,A,1,Line_B,Non-metallic,60.94,29,35.08,105.89
656,ICT40,A,1,Line_B,Non-metallic,55.18,24,33.08,98.66
657,ICT40,A,2,Line_A,Metallic,64.31,28,40.38,106.94
658,ICT40,A,2,Line_A,Metallic,62.06,28,38.09,95.48
659,ICT40,A,2,Line_A,Metallic,68.53,28,40.55,106.02
660,ICT40,A,2,Line_A,Metallic,66.2,28,39.51,98.1
661,ICT40,A,2,Line_A,Non-metallic,60.0,24,29.65,89.52
662,ICT40,A,2,Line_A,Non-metallic,67.3,23,33.7,94.21
663,ICT40,A,2,Line_A,Non-metallic,57.48,32,37.21,91.2
664,ICT40,A,2,Line_A,Non-metallic,65.94,21,28.88,90.45
665,ICT40,A,2,Line_B,Metallic,77.28,28,39.49,104.23
666,ICT40,A,2,Line_B,Metallic,66.43,29,38.92,96.3
667,ICT40,A,2,Line_B,Metallic,71.41,32,42.43,103.46
668,ICT40,A,2,Line_B,Metallic,74.83,29,41.59,109.69
669,ICT40,A,2,Line_B,Non-metallic,57.05,29,35.46,101.0
670,ICT40,A,2,Line_B,Non-metallic,74.31,29,35.08,101.07
671,ICT40,A,2,Line_B,Non-metallic,71.48,26,36.17,97.28
672,ICT40,A,2,Line_B,Non-metallic,48.37,27,29.99,94.64
673,ICT40,A,3,Line_A,Metallic,79.94,23,33.05,91.66
674,ICT40,A,3,Line_A,Metallic,68.46,28,40.95,105.3
675,ICT40,A,3,Line_A,Metallic,73.21,29,40.91,98.01
676,ICT40,A,3,Line_A,Metallic,76.29,25,37.99,104.1
677,ICT40,A,3,Line_A,Non-metallic,56.79,24,31.46,83.2
678,ICT40,A,3,Line_A,Non-metallic,57.57,24,30.83,97.02
679,ICT40,A,3,Line_A,Non-metallic,54.36,21,27.3,91.92
680,ICT40,A,3,Line_A,Non-metallic,55.98,25,33.38,91.69
681,ICT40,A,3,Line_B,Metallic,76.49,36,44.9,107.05
682,ICT40,A,3,Line_B,Metallic,70.02,31,40.46,102.45
683,ICT40,A,3,Line_B,Metallic,90.65,28,39.51,97.24
684,ICT40,A,3,Line_B,Metallic,89.68,30,43.22,103.51
685,ICT40,A,3,Line_B,Non-metallic,52.97,27,37.29,106.42
686,ICT40,A,3,Line_B,Non-metallic,53.75,30,35.12,92.18
687,ICT40,A,3,Line_B,Non-metallic,69.67,31,41.03,101.66
688,ICT40,A,3,Line_B,Non-metallic,59.58,30,37.78,99.62
689,ICT40,A,4,Line_A,Metallic,55.24,30,40.85,96.63
690,ICT40,A,4,Line_A,Metallic,74.43,31,43.63,106.9
691,ICT40,A,4,Line_A,Metallic,63.1,25,34.22,100.19
692,ICT40,A,4,Line_A,Metallic,64.39,28,35.31,104.44
693,ICT40,A,4,Line_A,Non-metallic,62.02,28,36.99,100.94
694,ICT40,A,4,Line_A,Non-metallic,52.92,25,30.67,104.62
695,ICT40,A,4,Line_A,Non-metallic,59.73,24,31.91,90.93
696,ICT40,A,4,Line_A,Non-metallic,67.79,23,31.94,99.26
697,ICT40,A,4,Line_B,Metallic,78.27,33,44.91,106.11
698,ICT40,A,4,Line_B,Metallic,70.1,31,44.28,105.45
699,ICT40,A,4,Line_B,Metallic,68.32,31,43.46,107.99
700,ICT40,A,4,Line_B,Metallic,79.76,32,44.99,103.82
701,ICT40,A,4,Line_B,Non-metallic,58.79,32,40.45,99.2
702,ICT40,A,4,Line_B,Non-metallic,53.73,29,38.21,93.85
703,ICT40,A,4,Line_B,Non-metallic,63.37,24,30.59,94.57
704,ICT40,A,4,Line_B,Non-metallic,57.43,27,33.9,96.27
705,ICT40,A,5,Line_A,Metallic,58.77,33,43.76,106.88
706,ICT40,A,5,Line_A,Metallic,58.1,32,42.55,98.51
707,ICT40,A,5,Line_A,Metallic,71.28,30,44.0,111.38
708,ICT40,A,5,Line_A,Metallic,57.05,39,46.88,109.68
709,ICT40,A,5,Line_A,Non-metallic,65.45,23,31.64,94.35
710,ICT40,A,5,Line_A,Non-metallic,61.91,27,36.34,98.47
711,ICT40,A,5,Line_A,Non-metallic,55.77,30,37.62,102.01
712,ICT40,A,5,Line_A,Non-metallic,51.55,23,28.28,89.88
713,ICT40,A,5,Line_B,Metallic,83.88,37,49.32,115.23
714,ICT40,A,5,Line_B,Metallic,88.83,34,45.84,113.31
715,ICT40,A,5,Line_B,Metallic,76.68,34,45.16,102.95
716,ICT40,A,5,Line_B,Metallic,64.72,36,45.01,118.65
717,ICT40,A,5,Line_B,Non-metallic,53.97,25,32.29,103.37
718,ICT40,A,5,Line_B,Non-metallic,63.75,31,35.7,96.99
719,ICT40,A,5,Line_B,Non-metallic,54.07,23,29.68,86.4
720,ICT40,A,5,Line_B,Non-metallic,51.96,28,32.91,99.28
721,ICT40,B,1,Line_A,Metallic,71.6,31,43.3,107.74
722,ICT40,B,1,Line_A,Metallic,68.98,29,40.6,101.8
723,ICT40,B,1,Line_A,Metallic,65.62,27,36.07,99.65
724,ICT40,B,1,Line_A,Metallic,68.2,26,35.62,92.81
725,ICT40,B,1,Line_A,Non-metallic,63.32,24,30.22,96.99
726,ICT40,B,1,Line_A,Non-metallic,50.24,20,27.66,89.77
727,ICT40,B,1,Line_A,Non-metallic,51.52,24,32.01,95.13
728,ICT40,B,1,Line_A,Non-metallic,44.81,26,30.6,101.58
729,ICT40,B,1,Line_B,Metallic,74.99,24,36.07,107.75
730,ICT40,B,1,Line_B,Metallic,88.4,37,48.48,112.55
731,ICT40,B,1,Line_B,Metallic,68.86,32,40.73,100.75
732,ICT40,B,1,Line_B,Metallic,69.25,34,46.09,108.29
733,ICT40,B,1,Line_B,Non-metallic,49.52,26,30.75,99.62
734,ICT40,B,1,Line_B,Non-metallic,71.01,31,38.31,90.63
735,ICT40,B,1,Line_B,Non-metallic,45.98,32,36.88,97.55
736,ICT40,B,1,Line_B,Non-metallic,74.96,31,40.03,101.65
737,ICT40,B,2,Line_A,Metallic,67.88,30,43.21,104.8
738,ICT40,B,2,Line_A,Metallic,75.17,33,42.65,105.73
739,ICT40,B,2,Line_A,Metallic,66.5,21,28.07,88.14
740,ICT40,B,2,Line_A,Metallic,73.52,30,41.62,109.77
741,ICT40,B,2,Line_A,Non-metallic,44.21,25,30.79,91.23
742,ICT40,B,2,Line_A,Non-metallic,55.24,20,28.88,90.07
743,ICT40,B,2,Line_A,Non-metallic,72.27,25,35.32,97.21
744,ICT40,B,2,Line_A,Non-metallic,54.74,23,29.76,94.7
745,ICT40,B,2,Line_B,Metallic,68.33,32,41.72,113.24
746,ICT40,B,2,Line_B,Metallic,74.24,37,48.1,109.67
747,ICT40,B,2,Line_B,Metallic,63.77,31,41.49,110.22
748,ICT40,B,2,Line_B,Metallic,76.89,37,49.75,116.33
749,ICT40,B,2,Line_B,Non-metallic,60.5,36,42.48,101.52
750,ICT40,B,2,Line_B,Non-metallic,50.71,35,42.4,103.19
751,ICT40,B,2,Line_B,Non-metallic,71.62,30,41.74,97.86
752,ICT40,B,2,Line_B,Non-metallic,58.74,27,30.89,100.48
753,ICT40,B,3,Line_A,Metallic,66.7,32,46.28,103.91
754,ICT40,B,3,Line_A,Metallic,65.42,30,41.93,99.92
755,ICT40,B,3,Line_A,Metallic,63.64,33,43.74,95.32
756,ICT40,B,3,Line_A,Metallic,58.58,35,45.17,101.48
757,ICT40,B,3,Line_A,Non-metallic,53.55,26,33.6,90.76
758,ICT40,B,3,Line_A,Non-metallic,47.85,26,31.58,97.03
759,ICT40,B,3,Line_A,Non-metallic,44.55,27,34.09,98.49
760,ICT40,B,3,Line_A,Non-metallic,56.18,25,30.41,93.6
761,ICT40,B,3,Line_B,Metallic,85.71,32,43.36,103.25
762,ICT40,B,3,Line_B,Metallic,76.71,32,44.48,108.12
763,ICT40,B,3,Line_B,Metallic,82.56,37,51.0,106.98
764,ICT40,B,3,Line_B,Metallic,67.32,33,42.86,100.3
765,ICT40,B,3,Line_B,Non-metallic,57.25,27,32.79,96.35
766,ICT40,B,3,Line_B,Non-metallic,71.02,29,41.48,104.55
767,ICT40,B,3,Line_B,Non-metallic,58.53,29,36.43,101.97
768,ICT40,B,3,Line_B,Non-metallic,78.65,26,36.81,101.34
769,ICT40,B,4,Line_A,Metallic,55.65,33,44.21,100.4
770,ICT40,B,4,Line_A,Metallic,68.92,25,33.76,100.5
771,ICT40,B,4,Line_A,Metallic,65.04,27,37.67,97.03
772,ICT40,B,4,Line_A,Metallic,65.0,33,41.44,98.22
773,ICT40,B,4,Line_A,Non-metallic,56.31,30,38.74,97.23
774,ICT40,B,4,Line_A,Non-metallic,62.97,24,34.48,92.29
775,ICT40,B,4,Line_A,Non-metallic,66.29,24,35.18,99.69
776,ICT40,B,4,Line_A,Non-metallic,46.36,25,31.81,99.12
777,ICT40,B,4,Line_B,Metallic,74.4,34,46.64,108.11
778,ICT40,B,4,Line_B,Metallic,64.01,31,41.56,108.78
779,ICT40,B,4,Line_B,Metallic,88.74,36,49.61,112.71
780,ICT40,B,4,Line_B,Metallic,69.33,33,42.5,99.61
781,ICT40,B,4,Line_B,Non-metallic,63.84,30,38.76,104.09
782,ICT40,B,4,Line_B,Non-metallic,63.06,31,38.5,103.37
783,ICT40,B,4,Line_B,Non-metallic,54.83,31,38.65,99.15
784,ICT40,B,4,Line_B,Non-metallic,61.44,28,34.53,94.36
785,ICT40,B,5,Line_A,Metallic,81.96,35,48.19,114.59
786,ICT40,B,5,Line_A,Metallic,69.59,41,51.49,110.09
787,ICT40,B,5,Line_A,Metallic,67.82,33,44.98,103.93
788,ICT40,B,5,Line_A,Metallic,86.3,32,45.29,100.97
789,ICT40,B,5,Line_A,Non-metallic,60.76,27,33.32,92.88
790,ICT40,B,5,Line_A,Non-metallic,79.91,27,34.26,93.87
791,ICT40,B,5,Line_A,Non-metallic,56.76,29,36.7,101.13
792,ICT40,B,5,Line_A,Non-metallic,51.72,29,33.8,93.86
793,ICT40,B,5,Line_B,Metallic,69.4,31,43.53,108.1
794,ICT40,B,5,Line_B,Metallic,85.5,35,49.0,102.24
795,ICT40,B,5,Line_B,Metallic,84.54,35,48.65,110.55
796,ICT40,B,5,Line_B,Metallic,68.81,30,39.62,104.78
797,ICT40,B,5,Line_B,Non-metallic,69.07,26,32.72,94.66
798,ICT40,B,5,Line_B,Non-metallic,60.16,26,30.94,92.99
799,ICT40,B,5,Line_B,Non-metallic,63.93,27,34.49,103.06
800,ICT40,B,5,Line_B,Non-metallic,52.13,30,37.9,99.61
801,ICT40,C,1,Line_A,Metallic,64.12,33,42.7,107.17
802,ICT40,C,1,Line_A,Metallic,72.65,29,40.99,102.79
803,ICT40,C,1,Line_A,Metallic,77.68,28,39.89,100.47
804,ICT40,C,1,Line_A,Metallic,74.99,26,39.13,102.04
805,ICT40,C,1,Line_A,Non-metallic,43.81,29,37.83,103.25
806,ICT40,C,1,Line_A,Non-metallic,67.13,26,31.4,87.23
807,ICT40,C,1,Line_A,Non-metallic,57.17,24,29.4,92.91
808,ICT40,C,1,Line_A,Non-metallic,60.23,21,27.51,97.85
809,ICT40,C,1,Line_B,Metallic,65.86,35,44.63,108.32
810,ICT40,C,1,Line_B,Metallic,84.33,35,49.07,104.73
811,ICT40,C,1,Line_B,Metallic,84.47,30,43.05,106.03
812,ICT40,C,1,Line_B,Metallic,79.12,34,44.64,100.74
813,ICT40,C,1,Line_B,Non-metallic,68.41,29,39.05,101.94
814,ICT40,C,1,Line_B,Non-metallic,49.06,32,37.29,102.22
815,ICT40,C,1,Line_B,Non-metallic,55.5,34,39.26,100.92
816,ICT40,C,1,Line_B,Non-metallic,61.91,25,32.96,104.18
817,ICT40,C,2,Line_A,Metallic,64.83,32,37.88,99.12
818,ICT40,C,2,Line_A,Metallic,66.34,28,40.19,99.63
819,ICT40,C,2,Line_A,Metallic,67.49,29,36.53,93.78
820,ICT40,C,2,Line_A,Metallic,77.17,24,34.53,95.27
821,ICT40,C,2,Line_A,Non-metallic,69.82,29,36.49,103.49
822,ICT40,C,2,Line_A,Non-metallic,48.71,30,33.67,100.54
823,ICT40,C,2,Line_A,Non-metallic,51.55,23,28.84,93.87
824,ICT40,C,2,Line_A,Non-metallic,50.79,28,33.16,98.36
825,ICT40,C,2,Line_B,Metallic,78.76,33,44.24,106.46
826,ICT40,C,2,Line_B,Metallic,79.68,40,53.56,116.47
827,ICT40,C,2,Line_B,Metallic,101.25,35,50.43,113.12
828,ICT40,C,2,Line_B,Metallic,66.42,32,41.66,106.59
829,ICT40,C,2,Line_B,Non-metallic,59.52,30,38.88,105.45
830,ICT40,C,2,Line_B,Non-metallic,59.63,27,35.97,103.0
831,ICT40,C,2,Line_B,Non-metallic,47.35,28,33.95,101.56
832,ICT40,C,2,Line_B,Non-metallic,68.74,30,39.18,102.47
833,ICT40,C,3,Line_A,Metallic,63.27,30,40.12,100.75
834,ICT40,C,3,Line_A,Metallic,52.97,30,38.95,98.92
835,ICT40,C,3,Line_A,Metallic,66.9,33,41.8,95.59
836,ICT40,C,3,Line_A,Metallic,66.04,34,47.12,109.06
837,ICT40,C,3,Line_A,Non-metallic,42.52,26,31.51,95.4
838,ICT40,C,3,Line_A,Non-metallic,59.58,24,31.25,96.18
839,ICT40,C,3,Line_A,Non-metallic,62.02,24,30.89,83.43
840,ICT40,C,3,Line_A,Non-metallic,49.72,25,29.33,93.78
841,ICT40,C,3,Line_B,Metallic,74.52,27,38.79,98.21
842,ICT40,C,3,Line_B,Metallic,79.13,30,42.04,103.14
843,ICT40,C,3,Line_B,Metallic,77.58,34,45.4,100.54
844,ICT40,C,3,Line_B,Metallic,62.44,32,41.98,101.79
845,ICT40,C,3,Line_B,Non-metallic,66.31,29,35.41,98.39
846,ICT40,C,3,Line_B,Non-metallic,62.92,31,41.56,101.24
847,ICT40,C,3,Line_B,Non-metallic,60.38,31,38.21,99.51
848,ICT40,C,3,Line_B,Non-metallic,47.83,28,32.02,90.15
849,ICT40,C,4,Line_A,Metallic,62.24,29,39.9,103.13
850,ICT40,C,4,Line_A,Metallic,61.32,31,37.88,97.3
851,ICT40,C,4,Line_A,Metallic,72.39,35,45.05,108.64
852,ICT40,C,4,Line_A,Metallic,56.12,28,38.37,106.31
853,ICT40,C,4,Line_A,Non-metallic,59.19,28,31.59,86.66
854,ICT40,C,4,Line_A,Non-metallic,56.1,27,31.96,95.28
855,ICT40,C,4,Line_A,Non-metallic,55.98,31,37.94,104.23
856,ICT40,C,4,Line_A,Non-metallic,55.07,28,36.31,94.23
857,ICT40,C,4,Line_B,Metallic,98.92,36,50.98,112.81
858,ICT40,C,4,Line_B,Metallic,90.96,38,48.85,114.78
859,ICT40,C,4,Line_B,Metallic,72.1,35,44.11,107.86
860,ICT40,C,4,Line_B,Metallic,69.46,35,45.38,114.37
861,ICT40,C,4,Line_B,Non-metallic,77.85,31,40.44,101.63
862,ICT40,C,4,Line_B,Non-metallic,70.4,30,37.77,105.11
863,ICT40,C,4,Line_B,Non-metallic,56.42,31,35.24,102.19
864,ICT40,C,4,Line_B,Non-metallic,77.5,33,44.64,102.76
865,ICT40,C,5,Line_A,Metallic,73.21,30,40.92,104.55
866,ICT40,C,5,Line_A,Metallic,72.07,28,37.04,93.15
867,ICT40,C,5,Line_A,Metallic,75.38,40,53.73,103.1
868,ICT40,C,5,Line_A,Metallic,83.28,36,46.02,103.92
869,ICT40,C,5,Line_A,Non-metallic,66.51,31,36.89,101.0
870,ICT40,C,5,Line_A,Non-metallic,39.03,28,34.5,96.92
871,ICT40,C,5,Line_A,Non-metallic,52.96,32,39.91,105.98
872,ICT40,C,5,Line_A,Non-metallic,64.63,32,40.93,102.53
873,ICT40,C,5,Line_B,Metallic,77.96,35,44.92,102.52
874,ICT40,C,5,Line_B,Metallic,74.8,37,50.78,110.4
875,ICT40,C,5,Line_B,Metallic,85.73,39,51.42,113.4
876,ICT40,C,5,Line_B,Metallic,75.13,40,52.53,107.06
877,ICT40,C,5,Line_B,Non-metallic,64.57,37,44.46,107.8
878,ICT40,C,5,Line_B,Non-metallic,67.84,28,36.96,95.03
879,ICT40,C,5,Line_B,Non-metallic,57.88,35,42.52,103.39
880,ICT40,C,5,Line_B,Non-metallic,66.99,32,40.06,105.47
881,ICT40,D,1,Line_A,Metallic,62.82,31,40.54,94.85
882,ICT40,D,1,Line_A,Metallic,61.18,36,46.46,100.15
883,ICT40,D,1,Line_A,Metallic,55.91,30,41.71,101.28
884,ICT40,D,1,Line_A,Metallic,80.11,32,44.87,98.96
885,ICT40,D,1,Line_A,Non-metallic,62.97,25,33.94,93.18
886,ICT40,D,1,Line_A,Non-metallic,56.5,28,34.53,98.48
887,ICT40,D,1,Line_A,Non-metallic,52.74,24,32.9,99.88
888,ICT40,D,1,Line_A,Non-metallic,48.53,28,32.64,90.76
889,ICT40,D,1,Line_B,Metallic,83.79,28,42.04,103.26
890,ICT40,D,1,Line_B,Metallic,73.2,35,47.21,104.69
891,ICT40,D,1,Line_B,Metallic,81.1,34,44.22,105.16
892,ICT40,D,1,Line_B,Metallic,86.74,39,53.06,107.44
893,ICT40,D,1,Line_B,Non-metallic,65.17,32,40.98,106.65
894,ICT40,D,1,Line_B,Non-metallic,64.09,29,35.72,92.12
895,ICT40,D,1,Line_B,Non-metallic,63.89,30,38.56,96.41
896,ICT40,D,1,Line_B,Non-metallic,66.48,36,44.1,105.51
897,ICT40,D,2,Line_A,Metallic,71.63,38,47.46,106.98
898,ICT40,D,2,Line_A,Metallic,62.2,30,39.89,106.11
899,ICT40,D,2,Line_A,Metallic,84.31,33,45.01,114.38
900,ICT40,D,2,Line_A,Metallic,65.37,30,37.5,104.59
901,ICT40,D,2,Line_A,Non-metallic,63.23,35,40.36,106.9
902,ICT40,D,2,Line_A,Non-metallic,55.6,30,34.04,102.38
903,ICT40,D,2,Line_A,Non-metallic,61.69,27,35.43,94.45
904,ICT40,D,2,Line_A,Non-metallic,50.07,26,29.04,96.36
905,ICT40,D,2,Line_B,Metallic,85.13,32,45.27,105.53
906,ICT40,D,2,Line_B,Metallic,77.79,32,42.42,108.75
907,ICT40,D,2,Line_B,Metallic,74.46,41,52.51,108.1
908,ICT40,D,2,Line_B,Metallic,85.43,37,50.91,115.42
909,ICT40,D,2,Line_B,Non-metallic,55.45,30,36.38,95.03
910,ICT40,D,2,Line_B,Non-metallic,58.76,35,42.43,99.17
911,ICT40,D,2,Line_B,Non-metallic,47.78,36,41.59,101.35
912,ICT40,D,2,Line_B,Non-metallic,58.67,26,35.32,97.86
913,ICT40,D,3,Line_A,Metallic,80.62,32,46.46,106.48
914,ICT40,D,3,Line_A,Metallic,76.25,34,46.65,106.98
915,ICT40,D,3,Line_A,Metallic,67.02,38,47.09,105.92
916,ICT40,D,3,Line_A,Metallic,69.13,33,43.11,104.3
917,ICT40,D,3,Line_A,Non-metallic,53.56,23,29.44,88.8
918,ICT40,D,3,Line_A,Non-metallic,40.26,28,33.61,98.31
919,ICT40,D,3,Line_A,Non-metallic,59.82,22,27.0,99.33
920,ICT40,D,3,Line_A,Non-metallic,46.1,30,34.43,97.11
921,ICT40,D,3,Line_B,Metallic,69.62,37,48.07,106.82
922,ICT40,D,3,Line_B,Metallic,66.07,36,44.49,107.74
923,ICT40,D,3,Line_B,Metallic,97.33,39,54.33,112.77
924,ICT40,D,3,Line_B,Metallic,58.52,31,42.57,101.49
925,ICT40,D,3,Line_B,Non-metallic,55.06,30,34.91,94.23
926,ICT40,D,3,Line_B,Non-metallic,60.57,28,34.08,95.41
927,ICT40,D,3,Line_B,Non-metallic,65.44,30,37.57,103.44
928,ICT40,D,3,Line_B,Non-metallic,59.79,30,37.93,103.98
929,ICT40,D,4,Line_A,Metallic,67.75,33,42.38,99.07
930,ICT40,D,4,Line_A,Metallic,75.54,35,47.29,107.17
931,ICT40,D,4,Line_A,Metallic,69.39,35,47.32,109.72
932,ICT40,D,4,Line_A,Metallic,68.14,38,49.04,109.84
933,ICT40,D,4,Line_A,Non-metallic,57.4,30,35.71,100.52
934,ICT40,D,4,Line_A,Non-metallic,79.19,28,37.62,97.3
935,ICT40,D,4,Line_A,Non-metallic,50.85,34,39.03,98.2
936,ICT40,D,4,Line_A,Non-metallic,41.51,26,28.25,94.87
937,ICT40,D,4,Line_B,Metallic,98.8,35,46.69,111.22
938,ICT40,D,4,Line_B,Metallic,68.82,40,50.31,107.69
939,ICT40,D,4,Line_B,Metallic,73.49,39,49.95,107.98
940,ICT40,D,4,Line_B,Metallic,73.31,32,43.93,98.48
941,ICT40,D,4,Line_B,Non-metallic,57.22,34,41.35,106.13
942,ICT40,D,4,Line_B,Non-metallic,60.45,36,44.73,107.99
943,ICT40,D,4,Line_B,Non-metallic,68.88,34,41.56,98.55
944,ICT40,D,4,Line_B,Non-metallic,64.57,34,43.49,101.57
945,ICT40,D,5,Line_A,Metallic,63.5,35,45.01,96.86
946,ICT40,D,5,Line_A,Metallic,74.39,28,37.91,104.7
947,ICT40,D,5,Line_A,Metallic,86.71,30,42.38,102.68
948,ICT40,D,5,Line_A,Metallic,86.34,32,44.1,109.95
949,ICT40,D,5,Line_A,Non-metallic,54.01,32,36.12,97.32
950,ICT40,D,5,Line_A,Non-metallic,43.09,26,32.51,95.21
951,ICT40,D,5,Line_A,Non-metallic,54.49,27,33.19,97.1
952,ICT40,D,5,Line_A,Non-metallic,65.55,21,27.54,92.46
953,ICT40,D,5,Line_B,Metallic,76.36,38,50.09,108.85
954,ICT40,D,5,Line_B,Metallic,72.72,36,49.06,106.4
955,ICT40,D,5,Line_B,Metallic,76.67,38,52.2,110.38
956,ICT40,D,5,Line_B,Metallic,85.35,41,53.64,111.78
957,ICT40,D,5,Line_B,Non-metallic,60.4,32,40.62,104.17
958,ICT40,D,5,Line_B,Non-metallic,65.2,29,35.28,107.97
959,ICT40,D,5,Line_B,Non-metallic,61.69,30,39.69,103.71
960,ICT40,D,5,Line_B,Non-metallic,68.11,32,39.66,101.88
